{
    "info": {
        "name": "Lar Patas API",
        "schema": "https://schema.getpostman.com/json/collection/v2.1.0/collection.json"
    },
    "item": [
        {
            "name": "Login",
            "request": {
                "method": "POST",
                "header": [
                    {
                        "key": "Content-Type",
                        "value": "application/json"
                    }
                ],
                "body": {
                    "mode": "raw",
                    "raw": "{\"usuario\": \"admin\", \"senha\": \"123456\"}"
                },
                "url": {
                    "raw": "http://localhost:4040/login",
                    "host": [
                        "localhost"
                    ],
                    "port": "4040",
                    "path": [
                        "login"
                    ]
                }
            }
        },
        {
            "name": "Get Animais",
            "request": {
                "method": "GET",
                "header": [
                    {
                        "key": "Authorization",
                        "value": "Bearer {{token}}"
                    }
                ],
                "url": {
                    "raw": "http://localhost:4040/animais",
                    "host": [
                        "localhost"
                    ],
                    "port": "4040",
                    "path": [
                        "animais"
                    ]
                }
            }
        },
        {
            "name": "Post Animal",
            "request": {
                "method": "POST",
                "header": [
                    {
                        "key": "Content-Type",
                        "value": "application/json"
                    },
                    {
                        "key": "Authorization",
                        "value": "Bearer {{token}}"
                    }
                ],
                "body": {
                    "mode": "raw",
                    "raw": "{\"nome\": \"Thor\", \"especie\": \"Cachorro\", \"raca\": \"Golden Retriever\", \"sexo\": \"Macho\", \"porte\": \"Grande\", \"idade\": 3, \"status\": \"Dispon\\u00edvel\"}"
                },
                "url": {
                    "raw": "http://localhost:4040/animais",
                    "host": [
                        "localhost"
                    ],
                    "port": "4040",
                    "path": [
                        "animais"
                    ]
                }
            }
        },
        {
            "name": "Get Pessoas",
            "request": {
                "method": "GET",
                "header": [
                    {
                        "key": "Authorization",
                        "value": "Bearer {{token}}"
                    }
                ],
                "url": {
                    "raw": "http://localhost:4040/pessoas",
                    "host": [
                        "localhost"
                    ],
                    "port": "4040",
                    "path": [
                        "pessoas"
                    ]
                }
            }
        },
        {
            "name": "Post Pessoa",
            "request": {
                "method": "POST",
                "header": [
                    {
                        "key": "Content-Type",
                        "value": "application/json"
                    },
                    {
                        "key": "Authorization",
                        "value": "Bearer {{token}}"
                    }
                ],
                "body": {
                    "mode": "raw",
                    "raw": "{\"nome\": \"Maria Silva\", \"cpf\": \"12345678901\", \"telefone\": \"11999999999\", \"email\": \"maria@gmail.com\", \"endereco\": \"Rua das Flores, 100\"}"
                },
                "url": {
                    "raw": "http://localhost:4040/pessoas",
                    "host": [
                        "localhost"
                    ],
                    "port": "4040",
                    "path": [
                        "pessoas"
                    ]
                }
            }
        },
        {
            "name": "Get Ado\u00e7\u00f5es",
            "request": {
                "method": "GET",
                "header": [
                    {
                        "key": "Authorization",
                        "value": "Bearer {{token}}"
                    }
                ],
                "url": {
                    "raw": "http://localhost:4040/adocoes",
                    "host": [
                        "localhost"
                    ],
                    "port": "4040",
                    "path": [
                        "adocoes"
                    ]
                }
            }
        },
        {
            "name": "Post Ado\u00e7\u00e3o",
            "request": {
                "method": "POST",
                "header": [
                    {
                        "key": "Content-Type",
                        "value": "application/json"
                    },
                    {
                        "key": "Authorization",
                        "value": "Bearer {{token}}"
                    }
                ],
                "body": {
                    "mode": "raw",
                    "raw": "{\"id_pessoa\": 3, \"id_animal\": 5, \"data_adocao\": \"2025-05-30\"}"
                },
                "url": {
                    "raw": "http://localhost:4040/adocoes",
                    "host": [
                        "localhost"
                    ],
                    "port": "4040",
                    "path": [
                        "adocoes"
                    ]
                }
            }
        },
        {
            "name": "Get Dim Pessoas",
            "request": {
                "method": "GET",
                "header": [
                    {
                        "key": "Authorization",
                        "value": "Bearer {{token}}"
                    }
                ],
                "url": {
                    "raw": "http://localhost:4040/dim_pessoas",
                    "host": [
                        "localhost"
                    ],
                    "port": "4040",
                    "path": [
                        "dim_pessoas"
                    ]
                }
            }
        }
    ]
}